<?xml version="1.0" encoding="utf-8"?>
<productAdditionalComps>
   <dependsOn>
      <component>
         <name>smis_vsn2_1_main</name>
         <locale/>
         <platformList>
            <platform>glnxa64</platform>
         </platformList>
         <version>2.1</version>
      </component>
   </dependsOn>
   <isControllingProduct>true</isControllingProduct>
   <platform>glnxa64</platform>
   <productName>smis_vsn2_1_main</productName>
   <productNumber>5000</productNumber>
   <productBaseCode>smis_vsn2_1_main</productBaseCode>
   <productVersion>2.1</productVersion>
   <releaseFamily>R2021b</releaseFamily>
   <releaseDescription>R2021b</releaseDescription>
</productAdditionalComps>