<?xml version="1.0" encoding="utf-8"?>
<ApplicationInstallerManifest>
   <DefaultInstallationDirectory>/usr/Institut_de_Biologie_Structurale/smis_vsn2_1_main/</DefaultInstallationDirectory>
   <ApplicationName>smis_vsn2_1_main</ApplicationName>
   <ExecutableName>application/smis_vsn2_1_main.exe</ExecutableName>
   <GUID>4fa956fa-1e0a-4481-86ef-b17f95596447</GUID>
   <ApplicationIcon>default_icon_48.png</ApplicationIcon>
   <Logo>logo6903546193948275389.tmp</Logo>
   <Version>2.1</Version>
   <InstallationNotes>In the following directions, replace MR/v911 by the directory on the target machine where MATLAB is installed, or MR by the directory where the MATLAB Runtime is installed.

(1) Set the environment variable XAPPLRESDIR to this value:

MR/v911/X11/app-defaults


(2) If the environment variable LD_LIBRARY_PATH is undefined, set it to the following:

MR/v911/runtime/glnxa64:MR/v911/bin/glnxa64:MR/v911/sys/os/glnxa64:MR/v911/sys/opengl/lib/glnxa64

If it is defined, set it to the following:

${LD_LIBRARY_PATH}:MR/v911/runtime/glnxa64:MR/v911/bin/glnxa64:MR/v911/sys/os/glnxa64:MR/v911/sys/opengl/lib/glnxa64
</InstallationNotes>
   <AuthorOrganization>Institut de Biologie Structurale</AuthorOrganization>
   <Summary>Single Molecule Imaging Simulator</Summary>
   <WelcomePanelText>smis_vsn2_1_main 2.1
Single Molecule Imaging Simulator
Dominique Bourgeois
dominique.bourgeois@ibs.fr</WelcomePanelText>
   <MCRProducts>
      <MCRProduct>
         <ExternalProductIdentifier>35000</ExternalProductIdentifier>
      </MCRProduct>
      <MCRProduct>
         <ExternalProductIdentifier>35010</ExternalProductIdentifier>
      </MCRProduct>
      <MCRProduct>
         <ExternalProductIdentifier>35106</ExternalProductIdentifier>
      </MCRProduct>
      <MCRProduct>
         <ExternalProductIdentifier>35112</ExternalProductIdentifier>
      </MCRProduct>
      <MCRProduct>
         <ExternalProductIdentifier>35117</ExternalProductIdentifier>
      </MCRProduct>
      <MCRProduct>
         <ExternalProductIdentifier>35119</ExternalProductIdentifier>
      </MCRProduct>
      <MCRProduct>
         <ExternalProductIdentifier>35160</ExternalProductIdentifier>
      </MCRProduct>
      <MCRProduct>
         <ExternalProductIdentifier>35180</ExternalProductIdentifier>
      </MCRProduct>
   </MCRProducts>
</ApplicationInstallerManifest>